<?xml version="1.1" encoding="UTF-8"?>

<project i18n.job.generated.documetation="Generated documentation" i18n.job.project.name="Project Name" i18n.job.generated.date="GENERATION DATE" i18n.job.author="AUTHOR" i18n.job.summary="Summary" i18n.job.project.description="Project Description" i18n.job.job.description="Description" i18n.job.job.preview.picture="Preview Picture" i18n.job.job.setting="Settings" i18n.job.context.list="Context List" i18n.job.component.list="Component List" i18n.job.components.description="Components Description" i18n.job.source.code="Source Code" i18n.job.properties="Properties" i18n.job.values="Values" i18n.job.name="Name" i18n.job.language="Language" i18n.job.description="Description" i18n.job.author.min="Author" i18n.job.version="Version" i18n.job.purpose="Purpose" i18n.job.status="Status" i18n.job.creation="Creation" i18n.job.modification="Modification" i18n.job.extract.settings="Extra settings" i18n.job.value="Value" i18n.job.stats.logs="Status &amp; Logs" i18n.job.context="Context" i18n.job.promt="Prompt" i18n.job.need.promt="Need Prompt?" i18n.job.type="Type" i18n.job.source="Source" i18n.job.component.name="Component Name" i18n.job.component.type="Component Type" i18n.job.component="Component" i18n.job.unique.name="UNIQUE NAME" i18n.job.input="INPUT(S)" i18n.job.label="LABEL" i18n.job.output="OUTPUT(S)" i18n.job.component.parameters="Component Parameters:" i18n.job.schema.for="Schema for " i18n.job.column="Column" i18n.job.key="Key" i18n.job.length="Length" i18n.job.precision="Precision" i18n.job.nullable="Nullable" i18n.job.comment="Comment" i18n.job.original.function.parameters="Original Function Parameters:" i18n.job.ended="ended" i18n.job.content="content" i18n.route.manifest.type="Type" i18n.route.manifest.value="Value" i18n.route.resource.name="Name" i18n.route.resource.version="Version" i18n.route.resource.path="Path" name="Airlines" logo="pictures/logo.jpg" title="Generated by Talend Cloud Data Management Platform" link="http://www.talend.com" language="java" generatedDate="Sep 24, 2024, 10:07:36 AM" versionName="Talend Cloud VERSION " version="8.0.1.20240524_0800-patch" docType="Jobs" company="">
  <pro-description><![CDATA[]]></pro-description>
  <job name="Job_file_to_acq_airlines" author="dmishra1@trial61854.us.talend.com" i18n.job.extract.settings.type="i18n.job.extract.settings" i18n.job.stats.logs.type="i18n.job.stats.logs" version="0.1" purpose="" status="" creation="Sep 20, 2024, 3:51:34 PM" modification="Sep 23, 2024, 8:03:10 PM">
    <description><![CDATA[<br/>]]></description>
    <preview picture="pictures/Job_file_to_acq_airlines_0.1.png"/>
    <contextList>
      <context name="Default"/>
    </contextList>
    <jobSetting>
      <extra>
        <jobParameter name="COMP_DEFAULT_FILE_DIR" value=""/>
        <jobParameter name="Multi thread execution" value="false"/>
        <jobParameter name="Implicit tContextLoad" value="false"/>
      </extra>
      <Statslogs>
        <jobParameter name="Use statistics (tStatCatcher)" value="false"/>
        <jobParameter name="Use logs (tLogCatcher)" value="false"/>
        <jobParameter name="Use volumetrics (tFlowMeterCatcher)" value="false"/>
        <jobParameter name="On Console" value="false"/>
        <jobParameter name="On Files" value="false"/>
        <jobParameter name="On Databases" value="false"/>
        <jobParameter name="Catch components statistics" value="false"/>
        <jobParameter name="Catch runtime errors" value="true"/>
        <jobParameter name="Catch user errors" value="true"/>
        <jobParameter name="Catch user warnings" value="true"/>
      </Statslogs>
    </jobSetting>
    <componentList>
      <componentItem name="tDBOutput_1" link="tDBOutput_1" type="JDBCOutput" leftTopX="720" leftTopY="200" rightBottomX="752" rightBottomY="232"/>
      <componentItem name="tFileInputDelimited_1" link="tFileInputDelimited_1" type="tFileInputDelimited" leftTopX="200" leftTopY="200" rightBottomX="232" rightBottomY="232"/>
      <componentItem name="tMap_1" link="tMap_1" type="tMap" leftTopX="440" leftTopY="200" rightBottomX="472" rightBottomY="232"/>
    </componentList>
    <internalNodeComponents>
      <component icon="pictures/tDBOutput_1.png" uniqueName="tDBOutput_1" label="__UNIQUE_NAME__">
        <input link="tMap_1">tMap_1</input>
        <output>none</output>
        <componentType>JDBCOutput</componentType>
        <parameters>
          <column name="Database" value="JDBCOutput"/>
          <column name="Unique Name" value="tDBOutput_1"/>
          <column name="Component Name" value="Output"/>
          <column name="TACOKIT_COMPONENT_ID" value="bmV3amRiYyNKREJDI091dHB1dA"/>
          <column name="TACOKIT_METADATA_TYPE_ID" value=""/>
          <column name="Version" value="1"/>
          <column name="Family" value="JDBC"/>
          <column name="Start" value="false"/>
          <column name="Startable" value="true"/>
          <column name="SUBTREE_START" value="false"/>
          <column name="END_OF_FLOW" value="true"/>
          <column name="Activate" value="true"/>
          <column name="Help" value="HELP"/>
          <column name="Update components" value="true"/>
          <column name="IREPORT_PATH" value=""/>
          <column name="Property Type" value="Built-In"/>
          <column name="Query Type" value="Built-In"/>
          <column name="tStatCatcher Statistics" value="false"/>
          <column name="Enable parallel execution" value="false"/>
          <column name="Number of parallel executions" value="2"/>
          <column name="PARALLELIZE_KEEP_EMPTY" value="false"/>
          <column name="Label format" value="__UNIQUE_NAME__"/>
          <column name="Hint format" value="&lt;b&gt;__UNIQUE_NAME__&lt;/b&gt;&lt;br&gt;__COMMENT__"/>
          <column name="Connection format" value="row"/>
          <column name="Show Information" value="false"/>
          <column name="Schema" value="Built-In"/>
          <column name="Enable database choice" value="false"/>
          <column name="Database" value=""/>
          <column name="Connect with" value=""/>
          <column name="Define JDBC URL" value="true"/>
          <column name="JDBC URL" value="jdbc:snowflake://srhnwjq-vy05257.snowflakecomputing.com/?db=airlines&amp;schema=acq"/>
          <column name="Host" value=""/>
          <column name="Port" value="80"/>
          <column name="Database" value=""/>
          <column name="Parameters" value="[]"/>
          <column name="Drivers" value="[{configuration.dataSet.dataStore.jdbcDriver[].path=mvn:org.talend.libraries/snowflake-jdbc-3.19.0[1]/6.0.0-SNAPSHOT/jar}]"/>
          <column name="Driver class" value="net.snowflake.client.jdbc.SnowflakeDriver"/>
          <column name="User ID" value="debaduttam999"/>
          <column name="Password" value="**************"/>
          <column name="Use or register a shared DB connection" value="false"/>
          <column name="Shared DB connection name" value=""/>
          <column name="Specify a data source alias" value="false"/>
          <column name="Data source alias" value=""/>
          <column name="Mapping file" value="mysql_id"/>
          <column name="Authentication type" value="BASIC"/>
          <column name="Private key" value=""/>
          <column name="Private key password" value=""/>
          <column name="OAuth token endpoint" value=""/>
          <column name="Client ID" value=""/>
          <column name="Client secret" value=""/>
          <column name="Grant type" value="CLIENT_CREDENTIALS"/>
          <column name="OAuth username" value=""/>
          <column name="OAuth password" value=""/>
          <column name="Scope" value=""/>
          <column name="Table" value="acq_airlines"/>
          <column name="Data action" value="INSERT"/>
          <column name="Clear data in table" value="true"/>
          <column name="Die on error" value="true"/>
          <column name="Create table if it does not exist" value="false"/>
          <column name="VARCHAR column length" value="-1"/>
          <column name="Operation keys" value="[]"/>
          <column name="Operation keys" value="[]"/>
          <column name="Sort strategy" value="COMPOUND"/>
          <column name="Sort keys" value="[]"/>
          <column name="Distribution strategy" value="AUTO"/>
          <column name="Distribution keys" value="[]"/>
          <column name="Do not update columns" value="[]"/>
          <column name="Use auto-commit" value="true"/>
          <column name="Auto-commit" value="false"/>
          <column name="Force protocol" value="false"/>
          <column name="JDBC driver protocol" value=""/>
          <column name="Connection timeout" value="30"/>
          <column name="Connection validation timeout" value="10"/>
          <column name="Commit every" value="10000"/>
          <column name="Additional columns" value="[]"/>
          <column name="Use field options" value="false"/>
          <column name="Field options" value="[{configuration.fieldOptions[].columnName=IATA_CODE, configuration.fieldOptions[].deleteKey=false, configuration.fieldOptions[].insertable=false, configuration.fieldOptions[].updatable=false, configuration.fieldOptions[].updateKey=false}, {configuration.fieldOptions[].columnName=AIRLINE, configuration.fieldOptions[].deleteKey=false, configuration.fieldOptions[].insertable=false, configuration.fieldOptions[].updatable=false, configuration.fieldOptions[].updateKey=false}, {configuration.fieldOptions[].columnName=meta_insert_datetime, configuration.fieldOptions[].deleteKey=false, configuration.fieldOptions[].insertable=false, configuration.fieldOptions[].updatable=false, configuration.fieldOptions[].updateKey=false}, {configuration.fieldOptions[].columnName=meta_etl_process_id, configuration.fieldOptions[].deleteKey=false, configuration.fieldOptions[].insertable=false, configuration.fieldOptions[].updatable=false, configuration.fieldOptions[].updateKey=false}, {configuration.fieldOptions[].columnName=meta_hash_code, configuration.fieldOptions[].deleteKey=false, configuration.fieldOptions[].insertable=false, configuration.fieldOptions[].updatable=false, configuration.fieldOptions[].updateKey=false}, {configuration.fieldOptions[].columnName=sk, configuration.fieldOptions[].deleteKey=false, configuration.fieldOptions[].insertable=false, configuration.fieldOptions[].updatable=false, configuration.fieldOptions[].updateKey=false}]"/>
          <column name="Debug query mode" value="false"/>
          <column name="Use batch" value="true"/>
          <column name="Batch size" value="10000"/>
          <column name="Query timeout" value="false"/>
          <column name="Timeout (seconds)" value="30"/>
          <column name="Rewrite batched statements" value="true"/>
          <column name="Map input column names to output" value="true"/>
          <column name="Use an existing connection" value="false"/>
          <column name="Component List" value=""/>
          <column name="LAYOUT_MAIN" value=""/>
          <column name="LAYOUT_ADVANCED" value=""/>
          <column name="configuration.dataSet.__version" value="-1"/>
          <column name="configuration.dataSet.dataStore.__version" value="-1"/>
          <column name="Schema LOOKUP" value="Built-In"/>
          <column name="Schema MERGE" value="Built-In"/>
          <column name="Reject Schema" value="Built-In"/>
          <column name="DATASTORE_PATH" value="configuration.dataSet.dataStore"/>
        </parameters>
        <schemas>
          <schema name="tDBOutput_1">
            <column name="IATA_CODE" key="false" type="String" length="" precision="" nullable="true" comment=""/>
            <column name="AIRLINE" key="false" type="String" length="" precision="" nullable="true" comment=""/>
            <column name="meta_insert_datetime" key="false" type="java.util.Date" length="" precision="" nullable="true" comment=""/>
            <column name="meta_etl_process_id" key="false" type="String" length="" precision="" nullable="true" comment=""/>
            <column name="meta_hash_code" key="false" type="String" length="" precision="" nullable="true" comment=""/>
            <column name="sk" key="false" type="Integer" length="" precision="" nullable="true" comment=""/>
          </schema>
        </schemas>
      </component>
      <component icon="pictures/tFileInputDelimited_1.png" uniqueName="tFileInputDelimited_1" label="__UNIQUE_NAME__">
        <input>none</input>
        <output link="tMap_1">tMap_1</output>
        <componentType>tFileInputDelimited</componentType>
        <parameters>
          <column name="Unique Name" value="tFileInputDelimited_1"/>
          <column name="Component Name" value="tFileInputDelimited"/>
          <column name="Version" value="0.102 (ALPHA)"/>
          <column name="Family" value="File/Input"/>
          <column name="Start" value="true"/>
          <column name="Startable" value="true"/>
          <column name="SUBTREE_START" value="true"/>
          <column name="END_OF_FLOW" value="false"/>
          <column name="Activate" value="true"/>
          <column name="DUMMY" value="false"/>
          <column name="tStatCatcher Statistics" value="false"/>
          <column name="Help" value="org.talend.help.tFileInputDelimited"/>
          <column name="Update components" value="true"/>
          <column name="IREPORT_PATH" value=""/>
          <column name="JAVA_LIBRARY_PATH" value="C:\Program Files (x86)\Talend-Studio\studio\configuration\lib\java"/>
          <column name="Subjob color" value=""/>
          <column name="Title color" value=""/>
          <column name="Enable parallel execution" value="false"/>
          <column name="Number of parallel executions" value="2"/>
          <column name="PARALLELIZE_KEEP_EMPTY" value="false"/>
          <column name="Property Type" value="Built-In"/>
          <column name="REPOSITORY_ALLOW_AUTO_SWITCH" value="true"/>
          <column name="Schema" value="Built-In"/>
          <column name="Use existing dynamic" value="false"/>
          <column name="Component List" value=""/>
          <column name="File name/Stream" value="&quot;C:/Users/debad/Downloads/Airlines/airlines.csv&quot;"/>
          <column name="CSV options" value="false"/>
          <column name="Row Separator" value="&quot;\n&quot;"/>
          <column name="CSV Row Separator" value="&quot;\n&quot;"/>
          <column name="Field Separator" value="&quot;,&quot;"/>
          <column name="Escape char" value="&quot;&quot;&quot;"/>
          <column name="Text enclosure" value="&quot;&quot;&quot;"/>
          <column name="Header" value="1"/>
          <column name="Footer" value="0"/>
          <column name="Limit" value=""/>
          <column name="Skip empty rows" value="true"/>
          <column name="Uncompress as zip file" value="false"/>
          <column name="Die on error" value="true"/>
          <column name="Schema" value="Built-In"/>
          <column name="Temporary directory" value="&quot;C:/Program Files (x86)/Talend-Studio/studio/workspace&quot;"/>
          <column name="Advanced separator (for numbers)" value="false"/>
          <column name="Thousands separator" value="&quot;,&quot;"/>
          <column name="Decimal separator" value="&quot;.&quot;"/>
          <column name="Extract lines at random" value="false"/>
          <column name="Number of lines" value="10"/>
          <column name="Trim all columns" value="true"/>
          <column name="Check column to trim" value="[{SCHEMA_COLUMN=IATA_CODE, TRIM=false}, {SCHEMA_COLUMN=AIRLINE, TRIM=false}]"/>
          <column name="Check each row structure against schema" value="false"/>
          <column name="Check date" value="false"/>
          <column name="Encoding" value="&quot;UTF-8&quot;"/>
          <column name="Split row before field" value="false"/>
          <column name="Permit hexadecimal (0xNNN) or octal (0NNNN) for numeric types (clear the check box to read Byte type as octal and hexadecimal numbers by default)" value="false"/>
          <column name="Decode table" value="[{SCHEMA_COLUMN=IATA_CODE, DECODE=false}, {SCHEMA_COLUMN=AIRLINE, DECODE=false}]"/>
          <column name="Destination" value=""/>
          <column name="Use Header As Is" value="false"/>
          <column name="Min column number of optimize code" value="100"/>
          <column name="Label format" value="__UNIQUE_NAME__"/>
          <column name="Hint format" value="&lt;b&gt;__UNIQUE_NAME__&lt;/b&gt;&lt;br&gt;__COMMENT__"/>
          <column name="Connection format" value="row"/>
          <column name="Show Information" value="false"/>
          <column name="Comment" value=""/>
          <column name="Use an existing validation rule" value="false"/>
          <column name="Validation Rule Type" value=""/>
        </parameters>
        <schemas>
          <schema name="tFileInputDelimited_1">
            <column name="IATA_CODE" key="false" type="String" length="" precision="" nullable="true" comment=""/>
            <column name="AIRLINE" key="false" type="String" length="" precision="" nullable="true" comment=""/>
          </schema>
        </schemas>
      </component>
    </internalNodeComponents>
    <externalNodeComponents>
      <component icon="pictures/tMap_1.png" uniqueName="tMap_1" label="__UNIQUE_NAME__" preview="pictures/external_preview_tMap_1.png">
        <input link="tFileInputDelimited_1">tFileInputDelimited_1</input>
        <output link="tDBOutput_1">tDBOutput_1</output>
        <componentType>tMap</componentType>
        <!--tMap_1-->
      </component>
    </externalNodeComponents>
    <connections>
      <connection label="row1" lineStyle="0" metaname="tFileInputDelimited_1" offsetLabelX="0" offsetLabelY="0" source="tFileInputDelimited_1" target="tMap_1"/>
      <connection label="Snowflake_output" lineStyle="0" metaname="Snowflake_output" offsetLabelX="0" offsetLabelY="0" source="tMap_1" target="tDBOutput_1"/>
    </connections>
  </job>
</project>
