<?xml version="1.1" encoding="UTF-8"?>

<project i18n.job.generated.documetation="Generated documentation" i18n.job.project.name="Project Name" i18n.job.generated.date="GENERATION DATE" i18n.job.author="AUTHOR" i18n.job.summary="Summary" i18n.job.project.description="Project Description" i18n.job.job.description="Description" i18n.job.job.preview.picture="Preview Picture" i18n.job.job.setting="Settings" i18n.job.context.list="Context List" i18n.job.component.list="Component List" i18n.job.components.description="Components Description" i18n.job.source.code="Source Code" i18n.job.properties="Properties" i18n.job.values="Values" i18n.job.name="Name" i18n.job.language="Language" i18n.job.description="Description" i18n.job.author.min="Author" i18n.job.version="Version" i18n.job.purpose="Purpose" i18n.job.status="Status" i18n.job.creation="Creation" i18n.job.modification="Modification" i18n.job.extract.settings="Extra settings" i18n.job.value="Value" i18n.job.stats.logs="Status &amp; Logs" i18n.job.context="Context" i18n.job.promt="Prompt" i18n.job.need.promt="Need Prompt?" i18n.job.type="Type" i18n.job.source="Source" i18n.job.component.name="Component Name" i18n.job.component.type="Component Type" i18n.job.component="Component" i18n.job.unique.name="UNIQUE NAME" i18n.job.input="INPUT(S)" i18n.job.label="LABEL" i18n.job.output="OUTPUT(S)" i18n.job.component.parameters="Component Parameters:" i18n.job.schema.for="Schema for " i18n.job.column="Column" i18n.job.key="Key" i18n.job.length="Length" i18n.job.precision="Precision" i18n.job.nullable="Nullable" i18n.job.comment="Comment" i18n.job.original.function.parameters="Original Function Parameters:" i18n.job.ended="ended" i18n.job.content="content" i18n.route.manifest.type="Type" i18n.route.manifest.value="Value" i18n.route.resource.name="Name" i18n.route.resource.version="Version" i18n.route.resource.path="Path" name="Airlines" logo="pictures/logo.jpg" title="Generated by Talend Cloud Data Management Platform" link="http://www.talend.com" language="java" generatedDate="Sep 24, 2024, 10:07:36 AM" versionName="Talend Cloud VERSION " version="8.0.1.20240524_0800-patch" docType="Jobs" company="">
  <pro-description><![CDATA[]]></pro-description>
  <job name="Job_acq_to_stg_flights" author="dmishra1@trial61854.us.talend.com" i18n.job.extract.settings.type="i18n.job.extract.settings" i18n.job.stats.logs.type="i18n.job.stats.logs" version="0.1" purpose="" status="" creation="Sep 23, 2024, 1:26:37 PM" modification="Sep 23, 2024, 8:03:05 PM">
    <description><![CDATA[<br/>]]></description>
    <preview picture="pictures/Job_acq_to_stg_flights_0.1.png"/>
    <contextList>
      <context name="Default"/>
    </contextList>
    <jobSetting>
      <extra>
        <jobParameter name="COMP_DEFAULT_FILE_DIR" value=""/>
        <jobParameter name="Multi thread execution" value="false"/>
        <jobParameter name="Implicit tContextLoad" value="false"/>
      </extra>
      <Statslogs>
        <jobParameter name="Use statistics (tStatCatcher)" value="false"/>
        <jobParameter name="Use logs (tLogCatcher)" value="false"/>
        <jobParameter name="Use volumetrics (tFlowMeterCatcher)" value="false"/>
        <jobParameter name="On Console" value="false"/>
        <jobParameter name="On Files" value="false"/>
        <jobParameter name="On Databases" value="false"/>
        <jobParameter name="Catch components statistics" value="false"/>
        <jobParameter name="Catch runtime errors" value="true"/>
        <jobParameter name="Catch user errors" value="true"/>
        <jobParameter name="Catch user warnings" value="true"/>
      </Statslogs>
    </jobSetting>
    <componentList>
      <componentItem name="tDBRow_1" link="tDBRow_1" type="JDBCRow" leftTopX="360" leftTopY="120" rightBottomX="392" rightBottomY="152"/>
      <componentItem name="tDBRow_2" link="tDBRow_2" type="JDBCRow" leftTopX="680" leftTopY="120" rightBottomX="712" rightBottomY="152"/>
    </componentList>
    <internalNodeComponents>
      <component icon="pictures/tDBRow_1.png" uniqueName="tDBRow_1" label="__UNIQUE_NAME__">
        <input>none</input>
        <output link="tDBRow_2">tDBRow_2</output>
        <componentType>JDBCRow</componentType>
        <parameters>
          <column name="Database" value="JDBCRow"/>
          <column name="Unique Name" value="tDBRow_1"/>
          <column name="Component Name" value="Row"/>
          <column name="TACOKIT_COMPONENT_ID" value="bmV3amRiYyNKREJDI1Jvdw"/>
          <column name="TACOKIT_METADATA_TYPE_ID" value=""/>
          <column name="Version" value="1"/>
          <column name="Family" value="JDBC"/>
          <column name="Start" value="true"/>
          <column name="Startable" value="true"/>
          <column name="SUBTREE_START" value="true"/>
          <column name="END_OF_FLOW" value="true"/>
          <column name="Activate" value="true"/>
          <column name="Help" value="HELP"/>
          <column name="Update components" value="true"/>
          <column name="IREPORT_PATH" value=""/>
          <column name="Property Type" value="Built-In"/>
          <column name="Query Type" value="Built-In"/>
          <column name="tStatCatcher Statistics" value="false"/>
          <column name="Enable parallel execution" value="false"/>
          <column name="Number of parallel executions" value="2"/>
          <column name="PARALLELIZE_KEEP_EMPTY" value="false"/>
          <column name="Label format" value="__UNIQUE_NAME__"/>
          <column name="Hint format" value="&lt;b&gt;__UNIQUE_NAME__&lt;/b&gt;&lt;br&gt;__COMMENT__"/>
          <column name="Connection format" value="row"/>
          <column name="Show Information" value="false"/>
          <column name="Schema" value="Built-In"/>
          <column name="Enable database choice" value="false"/>
          <column name="Database" value=""/>
          <column name="Connect with" value=""/>
          <column name="Define JDBC URL" value="true"/>
          <column name="JDBC URL" value="jdbc:snowflake://srhnwjq-vy05257.snowflakecomputing.com/?db=airlines&amp;schema=stg"/>
          <column name="Host" value=""/>
          <column name="Port" value="80"/>
          <column name="Database" value=""/>
          <column name="Parameters" value="[]"/>
          <column name="Drivers" value="[{configuration.dataSet.dataStore.jdbcDriver[].path=mvn:org.talend.libraries/snowflake-jdbc-3.19.0/6.0.0-SNAPSHOT/jar}]"/>
          <column name="Driver class" value="net.snowflake.client.jdbc.SnowflakeDriver"/>
          <column name="User ID" value="debaduttam999"/>
          <column name="Password" value="**************"/>
          <column name="Use or register a shared DB connection" value="false"/>
          <column name="Shared DB connection name" value=""/>
          <column name="Specify a data source alias" value="false"/>
          <column name="Data source alias" value=""/>
          <column name="Mapping file" value="mysql_id"/>
          <column name="Authentication type" value="BASIC"/>
          <column name="Private key" value=""/>
          <column name="Private key password" value=""/>
          <column name="OAuth token endpoint" value=""/>
          <column name="Client ID" value=""/>
          <column name="Client secret" value=""/>
          <column name="Grant type" value="CLIENT_CREDENTIALS"/>
          <column name="OAuth username" value=""/>
          <column name="OAuth password" value=""/>
          <column name="Scope" value=""/>
          <column name="Table" value="stg_flights"/>
          <column name="Query" value="TRUNCATE TABLE STG.stg_jfk_flights;"/>
          <column name="Die on error" value="true"/>
          <column name="Use auto-commit" value="true"/>
          <column name="Auto-commit" value="false"/>
          <column name="Force protocol" value="false"/>
          <column name="JDBC driver protocol" value=""/>
          <column name="Connection timeout" value="30"/>
          <column name="Connection validation timeout" value="10"/>
          <column name="Propagate record set" value="false"/>
          <column name="Record set column" value=""/>
          <column name="Use PreparedStatement" value="false"/>
          <column name="configuration.preparedStatementParameters" value="[]"/>
          <column name="Detect error when multiple statements" value="false"/>
          <column name="Commit every" value="10000"/>
          <column name="Use query timeout" value="false"/>
          <column name="Timeout (seconds)" value="30"/>
          <column name="Use an existing connection" value="false"/>
          <column name="Component List" value=""/>
          <column name="LAYOUT_MAIN" value=""/>
          <column name="LAYOUT_ADVANCED" value=""/>
          <column name="configuration.dataSet.__version" value="-1"/>
          <column name="configuration.dataSet.dataStore.__version" value="-1"/>
          <column name="Schema LOOKUP" value="Built-In"/>
          <column name="Schema MERGE" value="Built-In"/>
          <column name="Reject Schema" value="Built-In"/>
          <column name="DATASTORE_PATH" value="configuration.dataSet.dataStore"/>
        </parameters>
        <schemas>
          <schema name="tDBRow_1"/>
        </schemas>
      </component>
      <component icon="pictures/tDBRow_2.png" uniqueName="tDBRow_2" label="__UNIQUE_NAME__">
        <input link="tDBRow_1">tDBRow_1</input>
        <output>none</output>
        <componentType>JDBCRow</componentType>
        <parameters>
          <column name="Database" value="JDBCRow"/>
          <column name="Unique Name" value="tDBRow_2"/>
          <column name="Component Name" value="Row"/>
          <column name="TACOKIT_COMPONENT_ID" value="bmV3amRiYyNKREJDI1Jvdw"/>
          <column name="TACOKIT_METADATA_TYPE_ID" value=""/>
          <column name="Version" value="1"/>
          <column name="Family" value="JDBC"/>
          <column name="Start" value="false"/>
          <column name="Startable" value="true"/>
          <column name="SUBTREE_START" value="true"/>
          <column name="END_OF_FLOW" value="true"/>
          <column name="Activate" value="true"/>
          <column name="Help" value="HELP"/>
          <column name="Update components" value="true"/>
          <column name="IREPORT_PATH" value=""/>
          <column name="Property Type" value="Built-In"/>
          <column name="Query Type" value="Built-In"/>
          <column name="tStatCatcher Statistics" value="false"/>
          <column name="Enable parallel execution" value="false"/>
          <column name="Number of parallel executions" value="2"/>
          <column name="PARALLELIZE_KEEP_EMPTY" value="false"/>
          <column name="Label format" value="__UNIQUE_NAME__"/>
          <column name="Hint format" value="&lt;b&gt;__UNIQUE_NAME__&lt;/b&gt;&lt;br&gt;__COMMENT__"/>
          <column name="Connection format" value="row"/>
          <column name="Show Information" value="false"/>
          <column name="Schema" value="Built-In"/>
          <column name="Enable database choice" value="false"/>
          <column name="Database" value=""/>
          <column name="Connect with" value=""/>
          <column name="Define JDBC URL" value="true"/>
          <column name="JDBC URL" value="jdbc:snowflake://srhnwjq-vy05257.snowflakecomputing.com/?db=airlines&amp;schema=stg"/>
          <column name="Host" value=""/>
          <column name="Port" value="80"/>
          <column name="Database" value=""/>
          <column name="Parameters" value="[]"/>
          <column name="Drivers" value="[{configuration.dataSet.dataStore.jdbcDriver[].path=mvn:org.talend.libraries/snowflake-jdbc-3.19.0/6.0.0-SNAPSHOT/jar}]"/>
          <column name="Driver class" value="net.snowflake.client.jdbc.SnowflakeDriver"/>
          <column name="User ID" value="debaduttam999"/>
          <column name="Password" value="**************"/>
          <column name="Use or register a shared DB connection" value="false"/>
          <column name="Shared DB connection name" value=""/>
          <column name="Specify a data source alias" value="false"/>
          <column name="Data source alias" value=""/>
          <column name="Mapping file" value="mysql_id"/>
          <column name="Authentication type" value="BASIC"/>
          <column name="Private key" value=""/>
          <column name="Private key password" value=""/>
          <column name="OAuth token endpoint" value=""/>
          <column name="Client ID" value=""/>
          <column name="Client secret" value=""/>
          <column name="Grant type" value="CLIENT_CREDENTIALS"/>
          <column name="OAuth username" value=""/>
          <column name="OAuth password" value=""/>
          <column name="Scope" value=""/>
          <column name="Table" value="stg_airlines"/>
          <column name="Query" value="INSERT INTO STG.stg_jfk_flights SELECT * FROM ACQ.ACQ_jfk_flights;"/>
          <column name="Die on error" value="true"/>
          <column name="Use auto-commit" value="true"/>
          <column name="Auto-commit" value="false"/>
          <column name="Force protocol" value="false"/>
          <column name="JDBC driver protocol" value=""/>
          <column name="Connection timeout" value="30"/>
          <column name="Connection validation timeout" value="10"/>
          <column name="Propagate record set" value="false"/>
          <column name="Record set column" value=""/>
          <column name="Use PreparedStatement" value="false"/>
          <column name="configuration.preparedStatementParameters" value="[]"/>
          <column name="Detect error when multiple statements" value="false"/>
          <column name="Commit every" value="10000"/>
          <column name="Use query timeout" value="false"/>
          <column name="Timeout (seconds)" value="30"/>
          <column name="Use an existing connection" value="false"/>
          <column name="Component List" value=""/>
          <column name="LAYOUT_MAIN" value=""/>
          <column name="LAYOUT_ADVANCED" value=""/>
          <column name="configuration.dataSet.__version" value="-1"/>
          <column name="configuration.dataSet.dataStore.__version" value="-1"/>
          <column name="Schema LOOKUP" value="Built-In"/>
          <column name="Schema MERGE" value="Built-In"/>
          <column name="Reject Schema" value="Built-In"/>
          <column name="DATASTORE_PATH" value="configuration.dataSet.dataStore"/>
        </parameters>
        <schemas>
          <schema name="tDBRow_2"/>
        </schemas>
      </component>
    </internalNodeComponents>
    <externalNodeComponents/>
    <connections>
      <connection label="OnComponentOk" lineStyle="3" metaname="tDBRow_1" offsetLabelX="0" offsetLabelY="0" source="tDBRow_1" target="tDBRow_2"/>
    </connections>
  </job>
</project>
